,metabolite,flux,name,hmdb,kegg.compound,pubchem.compound,inchi,chebi,reaction,global_id
0,ddca,1.8983913485438249,laurate,HMDB00638,C02679,3893.0,"InChI=1S/C12H24O2/c1-2-3-4-5-6-7-8-9-10-11-12(13)14/h2-11H2,1H3,(H,13,14)/p-1",,EX_ddca_m,EX_ddca(e)
1,ttdca,2.112517867902869,tetradecanoate (n-C14:0),HMDB00806,C06424,11005.0,"InChI=1S/C14H28O2/c1-2-3-4-5-6-7-8-9-10-11-12-13-14(15)16/h2-13H2,1H3,(H,15,16)/p-1",,EX_ttdca_m,EX_ttdca(e)
2,hdca,5.772014136931855,Hexadecanoate (n-C16:0),HMDB00220,C00249,985.0,"InChI=1S/C16H32O2/c1-2-3-4-5-6-7-8-9-10-11-12-13-14-15-16(17)18/h2-15H2,1H3,(H,17,18)/p-1",,EX_hdca_m,EX_hdca(e)
3,ocdca,1.714074857488977,octadecanoate (n-C18:0),HMDB00827,C01530,3033836.0,"InChI=1S/C18H36O2/c1-2-3-4-5-6-7-8-9-10-11-12-13-14-15-16-17-18(19)20/h2-17H2,1H3,(H,19,20)/p-1",,EX_ocdca_m,EX_ocdca(e)
4,hdcea,0.8190179727490454,Hexadecenoate (n-C16:1),HMDB03229,C08362,445638.0,"InChI=1S/C16H30O2/c1-2-3-4-5-6-7-8-9-10-11-12-13-14-15-16(17)18/h7-8H,2-6,9-15H2,1H3,(H,17,18)/p-1/b8-7-",,EX_hdcea_m,EX_hdcea(e)
5,ocdcea,8.59823544501506,octadecenoate (n-C18:1),HMDB00207,C00712,5460221.0,"InChI=1S/C18H34O2/c1-2-3-4-5-6-7-8-9-10-11-12-13-14-15-16-17-18(19)20/h9-10H,2-8,11-17H2,1H3,(H,19,20)/p-1/b10-9-",,EX_ocdcea_m,EX_ocdcea(e)
6,chsterol,0.06262516697766862,cholesterol,HMDB00067,C00187,5997.0,,,EX_chsterol_m,EX_chsterol(e)
7,ca2,6.349603273616446,calcium(2+),HMDB00464,C00076,,InChI=1S/Ca/q+2,,EX_ca2_m,EX_ca2(e)
8,fe2,0.0018258823529411598,Fe2+,HMDB00692,C14818,27284.0,InChI=1S/Fe/q+2,,EX_fe2_m,EX_fe2(e)
9,fe3,0.0018258823529411598,Fe3+,HMDB12943,C14819,29936.0,InChI=1S/Fe/q+3,,EX_fe3_m,EX_fe3(e)
10,mg2,1.5065048343962144,magnesium,,,,,,EX_mg2_m,EX_mg2(e)
11,pi,0.3273768406312613,hydrogenphosphate,HMDB00973,C00009,1004.0,"InChI=1S/H3O4P/c1-5(2,3)4/h(H3,1,2,3,4)/p-2",,EX_pi_m,EX_pi(e)
12,k,3.0508216469769778,potassium,HMDB00586,C00238,813.0,InChI=1S/K/q+1,,EX_k_m,EX_k(e)
13,na1,1.3676057213567658,Sodium,HMDB00588,C01330,923.0,InChI=1S/Na/q+1,,EX_na1_m,EX_na1(e)
14,zn2,0.0337856072193331,Zinc,,,,,,EX_zn2_m,EX_zn2(e)
15,cu2,0.0073486073080917,Cu2+,,,,,,EX_cu2_m,EX_cu2(e)
16,mn2,0.0063961904723766,Mn2+,,,,,,EX_mn2_m,EX_mn2(e)
17,h2o,8030.558403755033,Water,HMDB02111,C00001,962.0,InChI=1S/H2O/h1H2,,EX_h2o_m,EX_h2o(e)
18,trp_L,0.1883136850888137,L-tryptophan,HMDB00929,C00078,6305.0,"InChI=1S/C11H12N2O2/c12-9(11(14)15)5-7-6-13-10-4-2-1-3-8(7)10/h1-4,6,9,13H,5,12H2,(H,14,15)/t9-/m0/s1",,EX_trp_L_m,EX_trp_L(e)
19,thr_L,1.0242217879233577,L-threonine,HMDB00167,C00188,6288.0,"InChI=1S/C4H9NO3/c1-2(6)3(5)4(7)8/h2-3,6H,5H2,1H3,(H,7,8)/t2-,3+/m1/s1",,EX_thr_L_m,EX_thr_L(e)
20,ile_L,1.0552021034832653,L-isoleucine,HMDB00172,C00407,6306.0,"InChI=1S/C6H13NO2/c1-3-4(2)5(7)6(8)9/h4-5H,3,7H2,1-2H3,(H,8,9)/t4-,5-/m0/s1",,EX_ile_L_m,EX_ile_L(e)
21,leu_L,1.7748193414950801,L-leucine,HMDB00687,C00123,6106.0,"InChI=1S/C6H13NO2/c1-4(2)3-5(7)6(8)9/h4-5H,3,7H2,1-2H3,(H,8,9)/t5-/m0/s1",,EX_leu_L_m,EX_leu_L(e)
22,lys_L,1.307261159478381,L-lysinium(1+),HMDB00182,C00047,5962.0,"InChI=1S/C6H14N2O2/c7-4-2-1-3-5(8)6(9)10/h5H,1-4,7-8H2,(H,9,10)/p+1/t5-/m0/s1",,EX_lys_L_m,EX_lys_L(e)
23,met_L,0.4238066419902515,L-methionine,HMDB00696,C00073,6137.0,"InChI=1S/C5H11NO2S/c1-9-3-2-4(6)5(7)8/h4H,2-3,6H2,1H3,(H,7,8)/t4-/m0/s1",,EX_met_L_m,EX_met_L(e)
24,phe_L,0.72132071668167,L-phenylalanine,HMDB00159,C00079,6140.0,"InChI=1S/C9H11NO2/c10-8(9(11)12)6-7-4-2-1-3-5-7/h1-5,8H,6,10H2,(H,11,12)/t8-/m0/s1",,EX_phe_L_m,EX_phe_L(e)
25,tyr_L,0.6587062644704273,L-tyrosine,HMDB00158,C00082,6057.0,"InChI=1S/C9H11NO3/c10-8(9(12)13)5-6-1-3-7(11)4-2-6/h1-4,8,11H,5,10H2,(H,12,13)/t8-/m0/s1",,EX_tyr_L_m,EX_tyr_L(e)
26,val_L,1.3112429500547607,L-valine,HMDB00883,C00183,6287.0,"InChI=1S/C5H11NO2/c1-3(2)4(6)5(7)8/h3-4H,6H2,1-2H3,(H,7,8)/t4-/m0/s1",,EX_val_L_m,EX_val_L(e)
27,arg_L,0.7925725234277481,L-argininium(1+),HMDB00517,C00062,6322.0,"InChI=1S/C6H14N4O2/c7-4(5(11)12)2-1-3-10-6(8)9/h4H,1-3,7H2,(H,11,12)(H4,8,9,10)/p+1/t4-/m0/s1",,EX_arg_L_m,EX_arg_L(e)
28,his_L,0.4513423385449092,L-histidine,HMDB00177,C00135,6274.0,"InChI=1S/C6H9N3O2/c7-5(6(10)11)1-4-2-8-3-9-4/h2-3,5H,1,7H2,(H,8,9)(H,10,11)/t5-/m0/s1",,EX_his_L_m,EX_his_L(e)
29,ala_D,0.7056183861394586,D-alanine,HMDB01310,C00133,71080.0,"InChI=1S/C3H7NO2/c1-2(4)3(5)6/h2H,4H2,1H3,(H,5,6)/t2-/m1/s1",,EX_ala_D_m,EX_ala_D(e)
30,ala_L,0.7056183861394586,L-alanine,HMDB00161,C00041,5950.0,"InChI=1S/C3H7NO2/c1-2(4)3(5)6/h2H,4H2,1H3,(H,5,6)/t2-/m0/s1",,EX_ala_L_m,EX_ala_L(e)
31,asp_L,0.9744399283241496,L-aspartate(1-),HMDB00191,C00049,5960.0,"InChI=1S/C4H7NO4/c5-2(4(8)9)1-3(6)7/h2H,1,5H2,(H,6,7)(H,8,9)/p-1/t2-/m0/s1",,EX_asp_L_m,EX_asp_L(e)
32,glu_L,2.881088794036188,L-glutamate(1-),HMDB00148,C00025,33032.0,"InChI=1S/C5H9NO4/c6-3(5(9)10)1-2-4(7)8/h3H,1-2,6H2,(H,7,8)(H,9,10)/p-1/t3-/m0/s1",,EX_glu_L_m,EX_glu_L(e)
33,gly,1.3425744605457015,Glycine,HMDB00123,C00037,750.0,"InChI=1S/C2H5NO2/c3-1-2(4)5/h1,3H2,(H,4,5)",,EX_gly_m,EX_gly(e)
34,pro_D,3.941590195473832,D-proline,HMDB03411,C00763,8988.0,"InChI=1S/C5H9NO2/c7-5(8)4-2-1-3-6-4/h4,6H,1-3H2,(H,7,8)/t4-/m1/s1",,EX_pro_D_m,EX_pro_D(e)
35,pro_L,0.7883180390947664,L-proline,HMDB00162,C00148,145742.0,"InChI=1S/C5H9NO2/c7-5(8)4-2-1-3-6-4/h4,6H,1-3H2,(H,7,8)/t4-/m0/s1",,EX_pro_L_m,EX_pro_L(e)
36,ser_L,1.070223402979848,L-serine,HMDB00187,C00065,5951.0,"InChI=1S/C3H7NO3/c4-2(1-5)3(6)7/h2,5H,1,4H2,(H,6,7)/t2-/m0/s1",,EX_ser_L_m,EX_ser_L(e)
37,ascb_L,0.051707129323272163,L-ascorbate,HMDB00044,C00072,,"InChI=1S/C6H8O6/c7-1-2(8)5-3(9)4(10)6(11)12-5/h2,5,7-10H,1H2/p-1/t2-,5+/m0/s1",,EX_ascb_L_m,EX_ascb_L(e)
38,thm,0.00014362260914262,Thiamin,HMDB00235,C00378,1130.0,"InChI=1S/C12H17N4OS/c1-8-11(3-4-17)18-7-16(8)6-10-5-14-9(2)15-12(10)13/h5,7,17H,3-4,6H2,1-2H3,(H2,13,14,15)/q+1",,EX_thm_m,EX_thm(e)
39,ribflv,0.00019590593040404001,Riboflavin,HMDB00244,C00255,493570.0,,,EX_ribflv_m,EX_ribflv(e)
40,nac,0.0020168685069389,Nicotinate,HMDB01488,C00253,938.0,,,EX_nac_m,EX_nac(e)
41,ncam,0.0020164870140823203,Nicotinamide,HMDB01406,C00153,936.0,,,EX_ncam_m,EX_ncam(e)
42,pnto_R,0.00192057948833094,(R)-Pantothenate,HMDB00210,C00864,988.0,"InChI=1S/C9H17NO5/c1-9(2,5-11)7(14)8(15)10-4-3-6(12)13/h7,11,14H,3-5H2,1-2H3,(H,10,15)(H,12,13)/p-1",,EX_pnto_R_m,EX_pnto_R(e)
43,pydam,0.00010058648195538001,Pyridoxamine,HMDB01431,C00534,1052.0,"InChI=1S/C8H12N2O2/c1-5-8(12)7(2-9)6(4-11)3-10-5/h3,11-12H,2,4,9H2,1H3/p+1",,EX_pydam_m,EX_pydam(e)
44,pydx,0.00010181341054386001,Pyridoxal,HMDB01545,C00250,1050.0,"InChI=1S/C8H9NO3/c1-5-8(12)7(4-11)6(3-10)2-9-5/h2,4,10,12H,3H2,1H3",,EX_pydx_m,EX_pydx(e)
45,pydxn,0.00010060027576510001,Pyridoxine,HMDB00239,C00314,1054.0,"InChI=1S/C8H11NO3/c1-5-8(12)7(4-11)6(3-10)2-9-5/h2,10-12H,3-4H2,1H3",,EX_pydxn_m,EX_pydxn(e)
46,5mthf,4.50171109956e-06,5-Methyltetrahydrofolate,HMDB01396,C00440,439234.0,,,EX_5mthf_m,EX_5mthf(e)
47,fol,4.6863060994800006e-06,Folate,HMDB00121,C00504,6037.0,,,EX_fol_m,EX_fol(e)
48,thf,4.6543484374400005e-06,"5,6,7,8-Tetrahydrofolate",HMDB01846,C00101,91443.0,,,EX_thf_m,EX_thf(e)
49,chol,0.23942594277859072,Choline,HMDB00097,C00114,305.0,"InChI=1S/C5H14NO/c1-6(2,3)4-5-7/h7H,4-5H2,1-3H3/q+1",,EX_chol_m,EX_chol(e)
50,retinol,0.0003123989532612,retinol,HMDB00305,C00473,445354.0,"InChI=1S/C20H30O/c1-16(8-6-9-17(2)13-15-21)11-12-19-18(3)10-7-14-20(19,4)5/h6,8-9,11-13,21H,7,10,14-15H2,1-5H3",,EX_retinol_m,EX_retinol(e)
51,caro,0.0021255891248687197,beta-carotene,HMDB00561,C02094,,,,EX_caro_m,EX_caro(e)
52,phyQ,7.708682377e-06,phylloquinone,HMDB03555,C02059,5280483.0,,,EX_phyQ_m,EX_phyQ(e)
53,sucr,0.500233569434686,Sucrose,HMDB00258,C00089,5988.0,,,EX_sucr_m,EX_sucr(e)
54,glc_D,0.3589091448018078,D-glucose,HMDB00122,C00031,5793.0,,,EX_glc_D_m,EX_glc_D(e)
55,fru,0.2857980227125506,D-Fructose,HMDB00660,C02336,439709.0,,,EX_fru_m,EX_fru(e)
56,lcts,2e-05,Lactose,HMDB00186,C00243,440995.0,,,EX_lcts_m,EX_lcts(e)
57,malt,1.1683777076306652,Maltose,HMDB00163,C00208,439186.0,,,EX_malt_m,EX_malt(e)
58,gal,2e-05,D-Galactose,HMDB00143,C00984,439357.0,,,EX_gal_m,EX_gal(e)
59,starch1200,0.0053535920544322,"starch n=1200 repeat units (300 repeat units amylose, 900 repeat units amylopectin, corresponds to potatoe starch)",,,,,,EX_starch1200_m,EX_starch1200(e)
60,strch1,0.11564831605286503,"starch, structure 1 (1,6-{7[1,4-Glc], 4[1,4-Glc]})",,,,,,EX_strch1_m,EX_strch1(e)
61,strch2,0.4130298901488412,"starch, structure 2 (1,6-{2[1,4-Glc], [1,4-Glc]})",,,,,,EX_strch2_m,EX_strch2(e)
62,but,2e-05,butyrate,HMDB00039,C00246,264.0,"InChI=1S/C4H8O2/c1-2-3-4(5)6/h2-3H2,1H3,(H,5,6)/p-1",,EX_but_m,EX_but(e)
63,octa,2e-05,octanoate (n-C8:0),HMDB00482,C06423,379.0,"InChI=1S/C8H16O2/c1-2-3-4-5-6-7-8(9)10/h2-7H2,1H3,(H,9,10)/p-1",,EX_octa_m,EX_octa(e)
64,arach,2e-05,arachidate,HMDB02212,C06425,10467.0,"InChI=1S/C20H40O2/c1-2-3-4-5-6-7-8-9-10-11-12-13-14-15-16-17-18-19-20(21)22/h2-19H2,1H3,(H,21,22)/p-1",,EX_arach_m,EX_arach(e)
65,ttdcea,2e-05,tetradecenoate (n-C14:1),HMDB02000,C08322,68344.0,"InChI=1/C14H26O2/c1-2-3-4-5-6-7-8-9-10-11-12-13-14(15)16/h5-6H,2-4,7-13H2,1H3,(H,15,16)/b6-5-",,EX_ttdcea_m,EX_ttdcea(e)
66,etoh,2e-05,ethanol,HMDB00108,C00469,702.0,"InChI=1S/C2H6O/c1-2-3/h3H,2H2,1H3",,EX_etoh_m,EX_etoh(e)
67,core2,1.0,Core 2,,,,,,EX_core2_m,EX_core2(e)
68,core2_rl,1.0,released Core 2,,,,,,EX_core2_rl_m,EX_core2_rl(e)
69,core3,1.0,Core 3,,,,,,EX_core3_m,EX_core3(e)
70,core6,1.0,Core 6,,,,,,EX_core6_m,EX_core6(e)
71,core8,1.0,Core 8,,,,,,EX_core8_m,EX_core8(e)
72,core4,1.0,Core 4,,,,,,EX_core4_m,EX_core4(e)
73,core4_rl,1.0,released Core 4,,,,,,EX_core4_rl_m,EX_core4_rl(e)
74,core5,1.0,Core 5,,,,,,EX_core5_m,EX_core5(e)
75,gncore1,1.0,"GlcNAc-alpha-1,4-Core 1",,,,,,EX_gncore1_m,EX_gncore1(e)
76,gncore1_rl,1.0,"released GlcNAc-alpha-1,4-Core 1",,,,,,EX_gncore1_rl_m,EX_gncore1_rl(e)
77,gncore2,1.0,"GlcNAc-alpha-1,4-Core 2",,,,,,EX_gncore2_m,EX_gncore2(e)
78,gncore2_rl,1.0,"released GlcNAc-alpha-1,4-Core 2",,,,,,EX_gncore2_rl_m,EX_gncore2_rl(e)
79,core7,1.0,Core 7,,,,,,EX_core7_m,EX_core7(e)
80,gchola,1.0,glycocholate,HMDB00138,C01921,10140.0,,,EX_gchola_m,EX_gchola(e)
81,tchola,1.0,taurocholate,HMDB00036,,440567.0,,,EX_tchola_m,EX_tchola(e)
82,o2,0.001,O2,HMDB01377,C00007,977.0,InChI=1S/O2/c1-2,,EX_o2_m,EX_o2(e)
83,12dgr180,0.009402212999990667,"1,2-Diacyl-sn-glycerol (dioctadecanoyl, n-C18:0)",,,,,,EX_12dgr180_m,EX_12dgr180(e)
84,26dap_M,10.000000000001423,"meso-2,6-Diaminoheptanedioate",,,,,,EX_26dap_M_m,EX_26dap_M(e)
85,cgly,10.0,L-cysteinylglycine,HMDB00078,C01419,439498.0,"InChI=1S/C5H10N2O3S/c6-3(2-11)5(10)7-1-4(8)9/h3,11H,1-2,6H2,(H,7,10)(H,8,9)/t3-/m0/s1",,EX_cgly_m,EX_cgly(e)
86,cl,0.00020023999999981787,Chloride,HMDB00492,C00698,312.0,InChI=1S/ClH/h1H/p-1,,EX_cl_m,EX_cl(e)
87,cobalt2,0.00020023999999985165,Co2+,,,,,,EX_cobalt2_m,EX_cobalt2(e)
88,mqn7,0.00015879400003582456,Menaquinone 7,,C00828,4086.0,,,EX_mqn7_m,EX_mqn7(e)
89,nmn,0.005288167998919643,NMN,HMDB00229,C00455,14180.0,,,EX_nmn_m,EX_nmn(e)
90,pheme,7.939700000036964e-05,Protoheme,HMDB03178,C00032,,,,EX_pheme_m,EX_pheme(e)
91,ptrc,0.48946247973289303,Putrescine,HMDB01414,C00134,1045.0,InChI=1S/C4H12N2/c5-3-1-2-4-6/h1-6H2/p+2,,EX_ptrc_m,EX_ptrc(e)
92,sheme,7.939700002324762e-05,Siroheme,,,,,,EX_sheme_m,EX_sheme(e)
93,so4,0.09482657013520424,sulfate,HMDB01448,C00059,1118.0,"InChI=1S/H2O4S/c1-5(2,3)4/h(H2,1,2,3,4)/p-2",,EX_so4_m,EX_so4(e)
94,spmd,7.939700000036964e-05,Spermidine,HMDB01257,C00315,1102.0,"InChI=1S/C7H19N3/c8-4-1-2-6-10-7-3-5-9/h10H,1-9H2/p+3",,EX_spmd_m,EX_spmd(e)
95,asn_L,10.000000000000002,L-asparagine,HMDB00168,C00152,6267.0,"InChI=1S/C4H8N2O3/c5-2(4(8)9)1-3(6)7/h2H,1,5H2,(H2,6,7)(H,8,9)/t2-/m0/s1",,EX_asn_L_m,EX_asn_L(e)
96,csn,10.0,cytosine,HMDB00630,C00380,597.0,"InChI=1S/C4H5N3O/c5-3-1-2-6-4(8)7-3/h1-2H,(H3,5,6,7,8)",,EX_csn_m,EX_csn(e)
97,ins,10.0,Inosine,HMDB00195,C00294,6021.0,,,EX_ins_m,EX_ins(e)
98,no3,10.0,Nitrate,,,,,,EX_no3_m,EX_no3(e)
99,cytd,10.0,Cytidine,HMDB00089,C00475,6175.0,"InChI=1S/C9H13N3O5/c10-5-1-2-12(9(16)11-5)8-7(15)6(14)4(3-13)17-8/h1-2,4,6-8,13-15H,3H2,(H2,10,11,16)/t4-,6-,7-,8-/m1/s1",,EX_cytd_m,EX_cytd(e)
100,glygln,10.0,Glycyl-L-glutamine,,,,,,EX_glygln_m,EX_glygln(e)
101,glyasp,10.0,Glycyl-L-aspartate,,,,,,EX_glyasp_m,EX_glyasp(e)
102,glycys,10.0,Gly-Cys,,,,,,EX_glycys_m,EX_glycys(e)
103,q8,0.0007548369999993128,Ubiquinone-8,,,,,,EX_q8_m,EX_q8(e)
104,thymd,0.00047927999999956416,Thymidine,HMDB00273,C00214,5789.0,"InChI=1S/C10H14N2O5/c1-5-3-12(10(16)11-9(5)15)8-2-6(14)7(4-13)17-8/h3,6-8,13-14H,2,4H2,1H3,(H,11,15,16)/t6-,7+,8+/m0/s1",,EX_thymd_m,EX_thymd(e)
105,xyl_D,10.0,aldehydo-D-xylose,,,644160.0,"InChI=1S/C5H10O5/c6-1-3(8)5(10)4(9)2-7/h1,3-5,7-10H,2H2/t3-,4+,5+/m0/s1",,EX_xyl_D_m,EX_xyl_D(e)
106,4hbz,0.0008701293636355723,4-hydroxybenzoate,HMDB00500,C00156,,"InChI=1S/C7H6O3/c8-6-3-1-5(2-4-6)7(9)10/h1-4,8H,(H,9,10)/p-1",,EX_4hbz_m,EX_4hbz(e)
107,hxan,0.7181039724493434,Hypoxanthine,HMDB00157,C00262,790.0,"InChI=1S/C5H4N4O/c10-5-3-4(7-1-6-3)8-2-9-5/h1-2H,(H2,6,7,8,9,10)",,EX_hxan_m,EX_hxan(e)
108,mqn8,0.0001587940000007393,Menaquinone 8,,C00828,4086.0,,,EX_mqn8_m,EX_mqn8(e)
109,rib_D,10.0,D-ribose,HMDB00283,C00121,5779.0,,,EX_rib_D_m,EX_rib_D(e)
110,alaasp,10.0,L-alanyl-L-aspartate,,,,,,EX_alaasp_m,EX_alaasp(e)
111,glyasn,10.0,Glycyl-L-asparagine,,,,,,EX_glyasn_m,EX_glyasn(e)
112,gthox,0.0004271824999996119,Oxidized glutathione,HMDB03337,C00127,65359.0,,,EX_gthox_m,EX_gthox(e)
113,ura,0.02222194034415992,uracil,HMDB00300,C00106,1174.0,"InChI=1S/C4H4N2O2/c7-3-1-2-5-4(8)6-3/h1-2H,(H2,5,6,7,8)",,EX_ura_m,EX_ura(e)
114,gthrd,7.939699999992778e-05,Reduced glutathione,HMDB00125,C00051,124886.0,,,EX_gthrd_m,EX_gthrd(e)
115,2dmmq8,0.09365167424158116,2-Demethylmenaquinone 8,,,,,,EX_2dmmq8_m,EX_2dmmq8(e)
116,tsul,0.00130874099999881,thiosulfate(2-),HMDB00257,C05529,1084.0,"InChI=1S/H2O3S2/c1-5(2,3)4/h(H2,1,2,3,4)/p-2",,EX_tsul_m,EX_tsul(e)
117,4abz,0.00558987999065865,4-Aminobenzoate,,,,,,EX_4abz_m,EX_4abz(e)
118,cit,0.7617572338574341,Citrate,HMDB00094,C00158,311.0,"InChI=1S/C6H8O7/c7-3(8)1-6(13,5(11)12)2-4(9)10/h13H,1-2H2,(H,7,8)(H,9,10)(H,11,12)/p-3",,EX_cit_m,EX_cit(e)
119,cys_L,0.0027626799999974634,L-cysteine,HMDB00574,C00097,5862.0,"InChI=1S/C3H7NO2S/c4-2(1-7)3(5)6/h2,7H,1,4H2,(H,5,6)/t2-/m0/s1",,EX_cys_L_m,EX_cys_L(e)
120,amet,5.690211599015332,S-Adenosyl-L-methionine,HMDB01185,C00019,34756.0,,,EX_amet_m,EX_amet(e)
121,btn,7.195299999993456e-05,Biotin,HMDB00030,C00120,171548.0,"InChI=1S/C10H16N2O3S/c13-8(14)4-2-1-3-7-9-6(5-16-7)11-10(15)12-9/h6-7,9H,1-5H2,(H,13,14)(H2,11,12,15)/p-1/t6-,7-,9-/m0/s1",,EX_btn_m,EX_btn(e)
122,xan,0.06461843449387317,Xanthine,HMDB00292,C00385,1188.0,"InChI=1S/C5H4N4O2/c10-4-2-3(7-1-6-2)8-5(11)9-4/h1H,(H3,6,7,8,9,10,11)",,EX_xan_m,EX_xan(e)
123,dtmp,0.00036786999999966543,dTMP,HMDB01227,C00364,9700.0,,,EX_dtmp_m,EX_dtmp(e)
124,orot,0.0019282799987493343,Orotate,HMDB00226,C00295,967.0,"InChI=1S/C5H4N2O4/c8-3-1-2(4(9)10)6-5(11)7-3/h1H,(H,9,10)(H2,6,7,8,11)/p-1",,EX_orot_m,EX_orot(e)
125,glymet,0.0021323624999980617,Glycyl-L-methionine,,,,,,EX_glymet_m,EX_glymet(e)
126,h2s,0.0028254999999974308,Hydrogen sulfide,,,,,,EX_h2s_m,EX_h2s(e)
127,fum,10.0,Fumarate,HMDB00134,C00122,444972.0,"InChI=1S/C4H4O4/c5-3(6)1-2-4(7)8/h1-2H,(H,5,6)(H,7,8)/p-2/b2-1+",,EX_fum_m,EX_fum(e)
128,chor,0.06173495482354063,chorismate,,,,,,EX_chor_m,EX_chor(e)
129,ade,9.999999999999995,Adenine,HMDB00034,C00147,190.0,"InChI=1S/C5H5N5/c6-4-3-5(9-1-7-3)10-2-8-4/h1-2H,(H3,6,7,8,9,10)",,EX_ade_m,EX_ade(e)
130,alagln,10.0,L-alanyl-L-glutamine,,,,,,EX_alagln_m,EX_alagln(e)
131,gsn,0.9207804668910226,Guanosine,HMDB00133,C00387,6802.0,,,EX_gsn_m,EX_gsn(e)
132,lanost,0.00017150249999984394,lanosterol,HMDB01251,C01724,246983.0,,,EX_lanost_m,EX_lanost(e)
133,stys,10.0,Stachyose,,,,,,EX_stys_m,EX_stys(e)
134,ac,1.5968318053018251,acetate,HMDB00042,C00033,176.0,"InChI=1S/C2H4O2/c1-2(3)4/h1H3,(H,3,4)/p-1",,EX_ac_m,EX_ac(e)
135,HC00319,0.013178578999988012,Malonate,HMDB00691,C00383,867.0,"InChI=1S/C3H4O4/c4-2(5)1-3(6)7/h1H2,(H,4,5)(H,6,7)",,EX_HC00319_m,EX_HC00319(e)
136,h,10.0,proton,HMDB01362,C00282,1038.0,InChI=1S/p+1/i/hH,,EX_h_m,EX_h(e)
137,sucbz,0.0007614599999993096,o-Succinylbenzoate,,,,,,EX_sucbz_m,EX_sucbz(e)
138,for,9.862525245438933,Formate,HMDB00142,C00058,284.0,"InChI=1S/CH2O2/c2-1-3/h1H,(H,2,3)/p-1",,EX_for_m,EX_for(e)
139,gln_L,9.308122015743571,L-glutamine,HMDB00641,C00064,5961.0,"InChI=1S/C5H10N2O3/c6-3(5(9)10)1-2-4(7)8/h3H,1-2,6H2,(H2,7,8)(H,9,10)/t3-/m0/s1",,EX_gln_L_m,EX_gln_L(e)
140,arab_D,10.0,D-Arabinose,,,,,,EX_arab_D_m,EX_arab_D(e)
141,acgam,10.0,N-acetyl-D-glucosamine,HMDB00215,C00140,439174.0,"InChI=1S/C8H15NO6/c1-4(12)9-5(2-10)7(14)8(15)6(13)3-11/h2,5-8,11,13-15H,3H2,1H3,(H,9,12)/t5-,6+,7+,8+/m0/s1",,EX_acgam_m,EX_acgam(e)
142,no,10.0,Nitric oxide,HMDB03378,C00533,145068.0,InChI=1S/NO/c1-2,,EX_no_m,EX_no(e)
143,gam,10.0,D-Glucosamine,HMDB01514,C00329,439213.0,,,EX_gam_m,EX_gam(e)
144,akg,0.006848360999994085,2-Oxoglutarate,HMDB00208,C00026,51.0,"InChI=1S/C5H6O5/c6-3(5(9)10)1-2-4(7)8/h1-2H2,(H,7,8)(H,9,10)/p-2",,EX_akg_m,EX_akg(e)
145,glyc,10.0,Glycerol,HMDB00131,C00116,753.0,"InChI=1S/C3H8O3/c4-1-3(6)2-5/h3-6H,1-2H2",,EX_glyc_m,EX_glyc(e)
146,co2,0.10673220703836497,carbon dioxide,HMDB01967,C00011,280.0,InChI=1S/CO2/c2-1-3,,EX_co2_m,EX_co2(e)
147,dhna,0.0008871279999991922,"1,4-Dihydroxy-2-naphthoate",,,,,,EX_dhna_m,EX_dhna(e)
148,2obut,0.003391267999996117,2-Oxobutanoate,HMDB00005,C00109,58.0,"InChI=1S/C4H6O3/c1-2-3(5)4(6)7/h2H2,1H3,(H,6,7)/p-1",,EX_2obut_m,EX_2obut(e)
149,metsox_S_L,1.6297876383666081,L-Methionine Sulfoxide,,,,,,EX_metsox_S_L_m,EX_metsox_S_L(e)
150,indole,0.0005515699999994984,Indole,,,,,,EX_indole_m,EX_indole(e)
151,dad_2,0.8322776724124559,2-deoxyadenosine,HMDB00101,C00559,13730.0,"InChI=1S/C10H13N5O3/c11-9-8-10(13-3-12-9)15(4-14-8)7-1-5(17)6(2-16)18-7/h3-7,16-17H,1-2H2,(H2,11,12,13)/t5-,6+,7+/m0/s1",,EX_dad_2_m,EX_dad_2(e)
152,3mop,0.02521998999997699,3-methyl-2-oxopentanoate,HMDB00491,C03465,47.0,"InChI=1S/C6H10O3/c1-3-4(2)5(7)6(8)9/h4H,3H2,1-2H3,(H,8,9)/p-1",,EX_3mop_m,EX_3mop(e)
153,adn,0.9998660360757936,Adenosine,HMDB00050,C00212,60961.0,,,EX_adn_m,EX_adn(e)
154,acnam,0.0028510999957802145,N-acetylneuraminate,HMDB00230,C19910,439197.0,,,EX_acnam_m,EX_acnam(e)
155,nh4,2.0719412522170852,Ammonium,HMDB00051,C00014,223.0,InChI=1S/H3N/h1H3/p+1,,EX_nh4_m,EX_nh4(e)
156,arab_L,0.0060611449795152424,L-arabinose,HMDB00646,C00259,,,,EX_arab_L_m,EX_arab_L(e)
157,dcyt,0.39808703535828016,Deoxycytidine,HMDB00014,C00881,13711.0,"InChI=1S/C9H13N3O4/c10-7-1-2-12(9(15)11-7)8-3-5(14)6(4-13)16-8/h1-2,5-6,8,13-14H,3-4H2,(H2,10,11,15)/t5-,6+,8+/m0/s1",,EX_dcyt_m,EX_dcyt(e)
158,orn,10.0,Ornithine,HMDB00214,C00077,6262.0,"InChI=1S/C5H12N2O2/c6-3-1-2-4(7)5(8)9/h4H,1-3,6-7H2,(H,8,9)/p+1",,EX_orn_m,EX_orn(e)
159,melib,0.004143051999996232,Melibiose,,,,,,EX_melib_m,EX_melib(e)
160,chols,0.000490142999999553,Choline sulfate,,,,,,EX_chols_m,EX_chols(e)
161,mantr,10.0,"mannotriose (beta-1,4)",,,,,,EX_mantr_m,EX_mantr(e)
162,stg_m4,1.9808120800833233,,,,,,,EX_stg_m4_m,EX_stg_m4(e)
163,dgsn,10.0,Deoxyguanosine,HMDB00085,C00330,187790.0,"InChI=1S/C10H13N5O4/c11-10-13-8-7(9(18)14-10)12-3-15(8)6-1-4(17)5(2-16)19-6/h3-6,16-17H,1-2H2,(H3,11,13,14,18)/t4-,5+,6+/m0/s1",,EX_dgsn_m,EX_dgsn(e)
164,gua,10.0,Guanine,HMDB00132,C00242,764.0,"InChI=1S/C5H5N5O/c6-5-9-3-2(4(11)10-5)7-1-8-3/h1H,(H4,6,7,8,9,10,11)",,EX_gua_m,EX_gua(e)
165,cspg_b,2.639327777775377e-05,chondroitin sulfate B / dermatan sulfate (IdoA2S-GalNAc4S) proteoglycan,,,,,,EX_cspg_b_m,EX_cspg_b(e)
166,hspg,6.60284370131824e-06,heparan sulfate proteoglycan,,,,,,EX_hspg_m,EX_hspg(e)
167,arabttr,0.009818423333324416,Arabinotriose,,,,,,EX_arabttr_m,EX_arabttr(e)
168,bglc,7.847155820914766e-07,beta-glucans,,,,,,EX_bglc_m,EX_bglc(e)
169,1hibupglu_S,10.0,,,,,,,EX_1hibupglu_S_m,EX_1hibupglu_S(e)
170,lactl,10.0,,,,,,,EX_lactl_m,EX_lactl(e)
171,chlphncl_glc,0.35164242368347054,,,,,,,EX_chlphncl_glc_m,EX_chlphncl_glc(e)
172,2hibupglu_S,10.0,,,,,,,EX_2hibupglu_S_m,EX_2hibupglu_S(e)
173,2hatvacidgluc,10.0,,,,,,,EX_2hatvacidgluc_m,EX_2hatvacidgluc(e)
174,din,6.975297979037842,Deoxyinosine,HMDB00071,C05512,65058.0,"InChI=1S/C10H12N4O4/c15-2-6-5(16)1-7(18-6)14-4-13-8-9(14)11-3-12-10(8)17/h3-7,15-16H,1-2H2,(H,11,12,17)/t5-,6+,7+/m0/s1",,EX_din_m,EX_din(e)
175,glyc3p,9.80189801882871,Glycerol 3-phosphate,HMDB00126,C00093,439162.0,"InChI=1S/C3H9O6P/c4-1-3(5)2-9-10(6,7)8/h3-5H,1-2H2,(H2,6,7,8)/p-2/t3-/m1/s1",,EX_glyc3p_m,EX_glyc3p(e)
176,metala,5.059261576833283,L-methionyl-L-alanine,,,,"InChI=1S/C8H16N2O3S/c1-5(8(12)13)10-7(11)6(9)3-4-14-2/h5-6H,3-4,9H2,1-2H3,(H,10,11)(H,12,13)/t5-,6-/m0/s1",,EX_metala_m,EX_metala(e)
177,alahis,10.0,L-alanyl-L-histidine,,C00386,,"InChI=1S/C9H14N4O3/c10-2-1-8(14)13-7(9(15)16)3-6-4-11-5-12-6/h4-5,7H,1-3,10H2,(H,11,12)(H,13,14)(H,15,16)/t7-/m0/s1",,EX_alahis_m,EX_alahis(e)
178,alaglu,10.0,L-alanyl-L-glutamate,,,,,,EX_alaglu_m,EX_alaglu(e)
179,glyleu,10.0,Glycylleucine,HMDB00759,C02155,92843.0,,,EX_glyleu_m,EX_glyleu(e)
180,alagly,0.4013204132154957,L-alanylglycine,,,,,,EX_alagly_m,EX_alagly(e)
181,amp,0.0033119494883262525,AMP,HMDB00045,C00020,6083.0,,,EX_amp_m,EX_amp(e)
182,glypro,6.8179831699612,Glycylproline,HMDB00721,,79101.0,,,EX_glypro_m,EX_glypro(e)
183,pyr,6.551666957131909,pyruvate,HMDB00243,C00022,1060.0,"InChI=1S/C3H4O3/c1-2(4)3(5)6/h1H3,(H,5,6)/p-1",,EX_pyr_m,EX_pyr(e)
184,acmana,0.10868514471096802,N-acetyl-D-mannosamine,HMDB01129,C00645,439281.0,"InChI=1S/C8H15NO6/c1-4(12)9-5(2-10)7(14)8(15)6(13)3-11/h2,5-8,11,13-15H,3H2,1H3,(H,9,12)/t5-,6-,7-,8-/m0/s1",,EX_acmana_m,EX_acmana(e)
185,gtp,0.0005544099999994501,GTP,HMDB01273,C00044,6830.0,,,EX_gtp_m,EX_gtp(e)
186,n2o,10.0,Nitrous oxide,,,,,,EX_n2o_m,EX_n2o(e)
187,7a_czp,0.9516642332872288,,,,,,,EX_7a_czp_m,EX_7a_czp(e)
188,dfdcytd,10.0,,,,,,,EX_dfdcytd_m,EX_dfdcytd(e)
189,anzp,1.0255471546779642,,,,,,,EX_anzp_m,EX_anzp(e)
190,uri,0.02371221537065793,Uridine,HMDB00296,C00299,6029.0,"InChI=1S/C9H12N2O6/c12-3-4-6(14)7(15)8(17-4)11-2-1-5(13)10-9(11)16/h1-2,4,6-8,12,14-15H,3H2,(H,10,13,16)/t4-,6-,7-,8-/m1/s1",,EX_uri_m,EX_uri(e)
191,cmp,1.2492042345208212,CMP,HMDB00095,C00055,6131.0,,,EX_cmp_m,EX_cmp(e)
192,abt,0.0026430399999977836,L-arabinitol,HMDB01851,C00532,439255.0,"InChI=1S/C5H12O5/c6-1-3(8)5(10)4(9)2-7/h3-10H,1-2H2/t3-,4-/m0/s1",,EX_abt_m,EX_abt(e)
193,dhnacoa,0.0001394211999998732,"1,4-Dihydroxy-2-naphthoyl-CoA",,C15547,,,,EX_dhnacoa_m,EX_dhnacoa(e)
194,pime,3.55899999999465e-05,Pimelate,,,,,,EX_pime_m,EX_pime(e)
195,nzp,1.637845898760709,,,,,,,EX_nzp_m,EX_nzp(e)
196,raffin,0.277839387721969,Raffinose,,,,,,EX_raffin_m,EX_raffin(e)
197,glyglu,10.0,Glycyl-L-glutamate,,,,,,EX_glyglu_m,EX_glyglu(e)
198,phenol,0.0031480999999917714,Phenol,,,,,,EX_phenol_m,EX_phenol(e)
199,mal_L,2.6067888885453776,(S)-malate(2-),HMDB00156,C00149,222656.0,"InChI=1S/C4H6O5/c5-2(4(8)9)1-3(6)7/h2,5H,1H2,(H,6,7)(H,8,9)/p-2/t2-/m0/s1",,EX_mal_L_m,EX_mal_L(e)
200,no2,2.2862860925397435,Nitrite,HMDB02786,C00088,24529.0,"InChI=1S/HNO2/c2-1-3/h(H,2,3)/p-1",,EX_no2_m,EX_no2(e)
201,glytyr,7.309338786653392,Glycyl-L-tyrosine,,,,,,EX_glytyr_m,EX_glytyr(e)
202,alaleu,10.0,L-alanyl-L-leucine,,,,,,EX_alaleu_m,EX_alaleu(e)
203,lac_L,10.0,(S)-lactate,HMDB00190,C00186,107689.0,"InChI=1S/C3H6O3/c1-2(4)3(5)6/h2,4H,1H3,(H,5,6)/p-1/t2-/m0/s1",,EX_lac_L_m,EX_lac_L(e)
204,galmannan,2.2260454545434214e-05,"Carob galactomannan, Gal:Man ratio 22/78. 220 gal, 780 man assumed",,,,,,EX_galmannan_m,EX_galmannan(e)
205,drib,1.4623527283548974,2-deoxy-D-ribose,HMDB03224,C01801,22833604.0,"InChI=1S/C5H10O4/c6-2-1-4(8)5(9)3-7/h2,4-5,7-9H,1,3H2/t4-,5+/m0/s1",,EX_drib_m,EX_drib(e)
206,lac_D,10.0,(R)-lactate,HMDB01311,C00256,61503.0,"InChI=1S/C3H6O3/c1-2(4)3(5)6/h2,4H,1H3,(H,5,6)/p-1/t2-/m1/s1",,EX_lac_D_m,EX_lac_D(e)
207,galur,0.2964834927947173,D-Galacturonate,,,,,,EX_galur_m,EX_galur(e)
208,acald,10.0,acetaldehyde,HMDB00990,C00084,177.0,"InChI=1S/C2H4O/c1-2-3/h2H,1H3",,EX_acald_m,EX_acald(e)
209,glu_D,0.006092439999994459,D-Glutamate,,,,,,EX_glu_D_m,EX_glu_D(e)
210,alathr,10.0,L-alanyl-L-threonine,,,,,,EX_alathr_m,EX_alathr(e)
211,urea,0.01238241249864808,Urea,HMDB00294,C00086,1176.0,"InChI=1S/CH4N2O/c2-1(3)4/h(H4,2,3,4)",,EX_urea_m,EX_urea(e)
212,coa,0.00015879399999996213,Coenzyme A,HMDB01423,C00010,6816.0,,,EX_coa_m,EX_coa(e)
213,sbt_D,10.0,D-glucitol,HMDB00247,C00794,5780.0,"InChI=1S/C6H14O6/c7-1-3(9)5(11)6(12)4(10)2-8/h3-12H,1-2H2/t3-,4+,5-,6-/m1/s1",,EX_sbt_D_m,EX_sbt_D(e)
214,mnl,0.009380795555547383,D-Mannitol,,,,,,EX_mnl_m,EX_mnl(e)
215,duri,0.20262287705560736,Deoxyuridine,HMDB00012,C00526,13712.0,"InChI=1S/C9H12N2O5/c12-4-6-5(13)3-8(16-6)11-2-1-7(14)10-9(11)15/h1-2,5-6,8,12-13H,3-4H2,(H,10,14,15)/t5-,6+,8+/m0/s1",,EX_duri_m,EX_duri(e)
216,tre,0.991291513999098,Trehalose,HMDB00975,C01083,7427.0,,,EX_tre_m,EX_tre(e)
217,glc3meacp,0.0008769526666658631,,,,,,,EX_glc3meacp_m,EX_glc3meacp(e)
218,fcsn,0.0011776349999989039,,,,,,,EX_fcsn_m,EX_fcsn(e)
219,4ahmmp,7.939699999992772e-05,4-Amino-5-hydroxymethyl-2-methylpyrimidine,,,,,,EX_4ahmmp_m,EX_4ahmmp(e)
220,pecticgal,0.00016153977777763444,"Pectic galactan (potato), gal: arab-L: rmn: galur = 78: 9: 4: 9 (www.megazyme.com). Assumed to consist of 100 sugars per macromo... <Preview truncated at 128 characters>",,,,,,EX_pecticgal_m,EX_pecticgal(e)
221,glcn,10.0,D-gluconate,HMDB00625,C00257,10690.0,"InChI=1S/C6H12O7/c7-1-2(8)3(9)4(10)5(11)6(12)13/h2-5,7-11H,1H2,(H,12,13)/p-1/t2-,3-,4+,5-/m1/s1",,EX_glcn_m,EX_glcn(e)
222,datp,0.0010125719999969363,dATP,HMDB01532,C00131,15993.0,,,EX_datp_m,EX_datp(e)
223,h2,3.9563533670000437,Hydrogen,HMDB01362,C00282,783.0,InChI=1S/H2/h1H,,EX_h2_m,EX_h2(e)
224,acac,0.6919897027102468,acetoacetate,HMDB00060,C00164,96.0,"InChI=1S/C4H6O3/c1-3(5)2-4(6)7/h2H2,1H3,(H,6,7)/p-1",,EX_acac_m,EX_acac(e)
225,czp,1.0442633919962105,,,,,,,EX_czp_m,EX_czp(e)
226,glyphe,0.006640478499224693,Glycylphenylalanine,,,97415.0,,,EX_glyphe_m,EX_glyphe(e)
227,succ,0.9114816179238368,Succinate,HMDB00254,C00042,1110.0,"InChI=1S/C4H6O4/c5-3(6)1-2-4(7)8/h1-2H2,(H,5,6)(H,7,8)/p-2",,EX_succ_m,EX_succ(e)
228,dextrin,0.04260605768901271,Dextrin,,C00721,,,,EX_dextrin_m,EX_dextrin(e)
229,rmn,5.476325677876409,L-Rhamnose,,,,,,EX_rmn_m,EX_rmn(e)
230,sbzcoa,6.192999999994273e-05,O-Succinylbenzoyl-CoA,,,,,,EX_sbzcoa_m,EX_sbzcoa(e)
231,dpcoa,0.00015842171428557227,Dephospho-CoA,HMDB01373,C00882,444485.0,,,EX_dpcoa_m,EX_dpcoa(e)
232,adocbl,0.002962319999997276,Adenosylcobalamin,HMDB02086,C00194,,,,EX_adocbl_m,EX_adocbl(e)
233,nadp,7.939700000003658e-05,Nicotinamide adenine dinucleotide phosphate,HMDB00217,C00006,5886.0,,,EX_nadp_m,EX_nadp(e)
234,srv,0.18346080466293557,,,,,,,EX_srv_m,EX_srv(e)
235,tet,0.0002614969999997621,Tetrathionate,,,,,,EX_tet_m,EX_tet(e)
236,ethso3,0.0008853299999991956,ethanesulfonate,,,,,,EX_ethso3_m,EX_ethso3(e)
237,xyluglc,1.5057856481467449e-05,"Xyluglucan, PMID:16663672, Fry SC 1989. 600 glc_D, 360 xyl_D, 108 gal, 60 fuc_L, 6 arab_L",,,,,,EX_xyluglc_m,EX_xyluglc(e)
238,eltr_m3,7.93969999999277e-05,,,,,,,EX_eltr_m3_m,EX_eltr_m3(e)
239,ph2s,0.0004116949999996251,Polysulfide,,,,,,EX_ph2s_m,EX_ph2s(e)
240,xylan,6.557746212118965e-06,"Oat spelt xylan, MW 79200 (DOI: 10.1002/masy.200551405) = 528 xyl_D",,,,,,EX_xylan_m,EX_xylan(e)
241,5aptn,0.7249753944993405,5-Aminopentanoate,,,3720.0,"InChI=1S/C5H11NO2/c6-4-2-1-3-5(7)8/h1-4,6H2,(H,7,8)",,EX_5aptn_m,EX_5aptn(e)
