EX_dca(e)	2.718550573495811
EX_ddca(e)	9.491956742719124
EX_ttdca(e)	10.4625752651047
EX_hdca(e)	27.63026293174158
EX_ocdca(e)	7.94939698937416
EX_hdcea(e)	3.7881663912789354
EX_ocdcea(e)	40.75003890519712
EX_CE2510(e)	0.9692038877361582
EX_lnlc(e)	17.232577946768075
EX_arachd(e)	0.6331664683421707
EX_chsterol(e)	0.267578077012105
EX_ca2(e)	7.119467039273416
EX_fe2(e)	0.019562897305040752
EX_fe3(e)	0.019562897305040752
EX_mg2(e)	2.6400740588356304
EX_pi(e)	2.0174923134467537
EX_k(e)	16.50282748866319
EX_na1(e)	5.514170170915262
EX_zn2(e)	0.02948875802997863
EX_cu2(e)	0.008980604601391115
EX_mn2(e)	0.018135665366323106
EX_h2o(e)	40976.36700623026
EX_trp_L(e)	0.9285778640442017
EX_thr_L(e)	4.459176186542557
EX_ile_L(e)	4.782172994574337
EX_leu_L(e)	8.084348977570825
EX_lys_L(e)	5.40496142884803
EX_met_L(e)	1.4371431654305007
EX_phe_L(e)	3.449322624797884
EX_tyr_L(e)	3.0813489818614315
EX_val_L(e)	5.850543295008036
EX_arg_L(e)	3.76259139803971
EX_his_L(e)	1.8609213004319545
EX_ala_D[e]	2.6568133145964006
EX_ala_L(e)	2.6568133145964006
EX_asp_D[e]	4.389193888929686
EX_asp_L(e)	4.389193888929686
EX_glu_L(e)	14.332393703039873
EX_gly(e)	5.272717826570003
EX_pro_D[e]	3.7505396050568702
EX_pro_L(e)	3.7505396050568702
EX_ser_L(e)	5.452453360179497
EX_ascb_L(e)	0.3444835486379898
EX_thm(e)	0.0006499133612155203
EX_ribflv(e)	0.000995505945176995
EX_nac(e)	0.007931169969246903
EX_ncam(e)	0.007929669779880542
EX_pnto_R(e)	0.009087741205258746
EX_pydam(e)	0.00037688508539153616
EX_pydx(e)	0.00038148223479817964
EX_pydxn(e)	0.00037693676908751234
EX_5mthf(e)	0.00003795851175237144
EX_fol(e)	0.00003951502022641318
EX_thf(e)	0.00003924555262550762
EX_chol[e]	1.3589820755912416
EX_adpcbl(e)	2.3392267497637666e-7
EX_retinol(e)	0.0015479054751308776
EX_caro(e)	0.00011837538365712644
EX_avite1(e)	0.0033550140107140333
EX_vitd3(e)	0.000001921288526839673
EX_phyQ(e)	0.00003133023013088432
EX_sucr(e)	0.5112526712952075
EX_glc_D(e)	9.033842355426605
EX_fru(e)	11.413725556587377
EX_lcts(e)	0
EX_malt(e)	0
EX_gal(e)	0
EX_starch1200(e)	0
EX_strch1(e)	0
EX_strch2[e]	0
EX_etoh(e)	0
EX_but(e)	0
EX_octa(e)	0
EX_doco13ac(e)	0
EX_strdnc(e)	0
EX_tmndnc[e]	0
EX_clpnd(e)	0
EX_crvnc(e)	0
