EX_lnlc(e)	14.331894251845236
EX_fol(e)	0.0001197885621705332
EX_dca(e)	2.7169687375734792
EX_ddca(e)	9.486433682638786
EX_ttdca(e)	10.427420908415177
EX_hdca(e)	27.534526210368103
EX_ocdca(e)	7.7456786325715
EX_hdcea(e)	3.759882289010708
EX_ocdcea(e)	39.155737681619776
EX_CE2510(e)	0.9545127632173273
EX_arachd(e)	0.6327980494228378
EX_chsterol(e)	0.267422382055251
EX_ca2(e)	7.47658066769799
EX_fe2(e)	0.013319464589488765
EX_fe3(e)	0.013319464589488765
EX_mg2(e)	2.376696153054927
EX_pi(e)	2.3964313138353797
EX_k(e)	24.00344004726548
EX_na1(e)	8.042899332654809
EX_zn2(e)	0.02949180177424289
EX_cu2(e)	0.0071644698328769685
EX_mn2(e)	0.013001667605754809
EX_h2o(e)	56296.83524208339
EX_trp_L(e)	1.0797536249199415
EX_thr_L(e)	5.077499680991814
EX_ile_L(e)	5.264457826273567
EX_leu_L(e)	8.576367527134035
EX_lys_L(e)	6.073019215940705
EX_met_L(e)	1.728881793805161
EX_phe_L(e)	3.6374748697099273
EX_tyr_L(e)	3.033868595413064
EX_val_L(e)	7.079157429641397
EX_arg_L(e)	3.8223720370369314
EX_his_L(e)	2.038364315334512
EX_ala_D[e]	3.6459892561946363
EX_ala_L(e)	3.6459892561946363
EX_asp_D[e]	5.5272141880030015
EX_asp_L(e)	5.5272141880030015
EX_glu_L(e)	15.125379393695514
EX_gly(e)	5.667789669440204
EX_pro_D[e]	3.98760927816695
EX_pro_L(e)	3.98760927816695
EX_ser_L(e)	6.636138985999014
EX_ascb_L(e)	1.2117750956222209
EX_thm(e)	0.001015896464579849
EX_ribflv(e)	0.001253104242994612
EX_nac(e)	0.0119958964468086
EX_ncam(e)	0.011993627410038598
EX_pnto_R(e)	0.01675738153390735
EX_pydam(e)	0.0015084962066812054
EX_pydx(e)	0.001526896463709854
EX_pydxn(e)	0.0015087030725465553
EX_5mthf(e)	0.0001150700548524707
EX_thf(e)	0.00011897167946924462
EX_chol[e]	2.619451420167648
EX_adpcbl(e)	2.3378656300040939e-7
EX_retinol(e)	0.0015470047994146309
EX_caro(e)	0.00014788499170939254
EX_avite1(e)	0.0020148565344210363
EX_vitd3(e)	0.0000019201705917022695
EX_phyQ(e)	0.00012606157547098853
EX_but(e)	0
EX_octa(e)	0
EX_doco13ac(e)	0
EX_strdnc(e)	0
EX_tmndnc[e]	0
EX_clpnd(e)	0
EX_crvnc(e)	0
EX_etoh(e)	0
