EX_lnlc(e)	11.485969492283616
EX_fol(e)	0.00002246085567435199
EX_dca(e)	2.7169687375734792
EX_ddca(e)	9.486433682638786
EX_ttdca(e)	10.433221324489912
EX_hdca(e)	26.811634427117163
EX_hdcea(e)	3.759882289010708
EX_ocdcea(e)	38.738700971457455
EX_fe2(e)	0.006234568896051581
EX_fe3(e)	0.006234568896051581
EX_mg2(e)	1.291450318864432
EX_pi(e)	1.3521228014790703
EX_na1(e)	5.576154264041404
EX_zn2(e)	0.020616167023554607
EX_h2o(e)	41768.149148944685
EX_trp_L(e)	0.6858296625489902
EX_phe_L(e)	2.2083745235006433
EX_val_L(e)	4.219618545357387
EX_arg_L(e)	2.7911201999441815
EX_his_L(e)	1.281848556214254
EX_glu_L(e)	9.222614362177184
EX_ribflv(e)	0.0009517416521616453
EX_nac(e)	0.006368485645139498
EX_pnto_R(e)	0.007849400395001533
EX_5mthf(e)	0.000021576115846533495
EX_thf(e)	0.000022307686756351262
EX_chol[e]	1.2052943819189261
EX_caro(e)	0.00019209976445063508
EX_phyQ(e)	0.000047637885162871675
EX_ocdca(e)	7.661933408661891
EX_chsterol(e)	0.267422382055251
EX_ca2(e)	6.226119067817755
EX_k(e)	16.07644066366057
EX_cu2(e)	0.008679444811632518
EX_mn2(e)	0.005199729986751438
EX_ascb_L(e)	0.23497917382857775
EX_thm(e)	0.00073259329214568
EX_ncam(e)	0.00636728103920095
EX_pydam(e)	0.00038348768624298904
EX_pydx(e)	0.0003881653725128917
EX_pydxn(e)	0.0003835402753789209
EX_adpcbl(e)	2.3378656300040939e-7
EX_retinol(e)	0.0015470047994146309
EX_avite1(e)	0.001953601307248725
EX_CE2510(e)	0.9545127632173273
EX_arachd(e)	0.6327980494228378
EX_thr_L(e)	3.0956873451131304
EX_ile_L(e)	3.2636771772218194
EX_leu_L(e)	5.570168075875429
EX_lys_L(e)	3.6538834407301857
EX_met_L(e)	1.1190097532827612
EX_tyr_L(e)	2.233199678787561
EX_ala_D[e]	1.6550017285269807
EX_ala_L(e)	1.6550017285269807
EX_asp_D[e]	2.4820897431918167
EX_asp_L(e)	2.4820897431918167
EX_gly(e)	2.839198791473172
EX_pro_D[e]	3.088371022448439
EX_pro_L(e)	3.088371022448439
EX_ser_L(e)	3.2980314503590167
EX_vitd3(e)	0.0000019201705917022695
EX_sucr(e)	0.5779200196321026
EX_glc_D(e)	52.70635044425411
EX_fru(e)	59.51425404330361
EX_lcts(e)	0
EX_malt(e)	0
EX_gal(e)	0
EX_starch1200(e)	0
EX_strch1(e)	0
EX_strch2[e]	0
EX_but(e)	0
EX_octa(e)	0
EX_doco13ac(e)	0
EX_strdnc(e)	0
EX_tmndnc[e]	0
EX_clpnd(e)	0
EX_crvnc(e)	0
EX_etoh(e)	0
