EX_lnlc(e)	11.650982777902046
EX_fol(e)	0.00005970646439118105
EX_dca(e)	2.7169687375734792
EX_ddca(e)	9.486433682638786
EX_ttdca(e)	10.427420908415176
EX_hdca(e)	26.72256682331303
EX_hdcea(e)	3.7598822890107066
EX_ocdcea(e)	38.77903127125131
EX_fe2(e)	0.016920521085146387
EX_fe3(e)	0.016920521085146387
EX_mg2(e)	2.6498991976959476
EX_pi(e)	2.397870165754492
EX_na1(e)	5.602787850161501
EX_zn2(e)	0.03892162740899359
EX_h2o(e)	40554.7580165282
EX_trp_L(e)	0.8110605351347433
EX_phe_L(e)	3.3551584214696986
EX_val_L(e)	6.117348136475505
EX_arg_L(e)	4.4279771176007605
EX_his_L(e)	1.827967717360619
EX_glu_L(e)	13.925803424962691
EX_ribflv(e)	0.001135329132257372
EX_nac(e)	0.01431848994484098
EX_pnto_R(e)	0.008306744811595261
EX_5mthf(e)	0.000057354608887945624
EX_thf(e)	0.00005929930383233882
EX_chol[e]	1.443256747572257
EX_caro(e)	0.0010446629237550959
EX_phyQ(e)	0.00006716988868542579
EX_ocdca(e)	7.649305586178117
EX_chsterol(e)	0.2674223820552511
EX_ca2(e)	6.62686511302959
EX_k(e)	17.14256118552468
EX_cu2(e)	0.008992970446605608
EX_mn2(e)	0.013847611432114115
EX_ascb_L(e)	0.2987237046030007
EX_thm(e)	0.001447024095304924
EX_ncam(e)	0.014315781587002132
EX_pydam(e)	0.0006210276535008657
EX_pydx(e)	0.0006286027925006879
EX_pydxn(e)	0.000621112817402756
EX_adpcbl(e)	2.3378656300040907e-7
EX_retinol(e)	0.0015470047994146307
EX_avite1(e)	0.0017239551517844757
EX_CE2510(e)	0.9545127632173273
EX_arachd(e)	0.6327980494228378
EX_thr_L(e)	4.68006417101525
EX_ile_L(e)	4.74698737315406
EX_leu_L(e)	7.991723137934745
EX_lys_L(e)	5.722890985118436
EX_met_L(e)	1.6275375926622186
EX_tyr_L(e)	2.8300455050955224
EX_ala_D[e]	2.9330369770083466
EX_ala_L(e)	2.9330369770083466
EX_asp_D[e]	4.301627544481345
EX_asp_L(e)	4.301627544481345
EX_gly(e)	5.184580092877527
EX_pro_D[e]	3.4346749992399928
EX_pro_L(e)	3.4346749992399928
EX_ser_L(e)	4.867096256063704
EX_vitd3(e)	0.0000019201705917022695
EX_sucr(e)	16.520256561197673
EX_glc_D(e)	0.7817062888309514
EX_fru(e)	2.4653813724668465
EX_lcts(e)	0
EX_malt(e)	0.5696640193516439
EX_gal(e)	0
EX_but(e)	0
EX_octa(e)	0
EX_doco13ac(e)	0
EX_strdnc(e)	0
EX_tmndnc[e]	0
EX_clpnd(e)	0
EX_crvnc(e)	0
EX_etoh(e)	0
