EX_lnlc(e)	11.42507251174235
EX_fol(e)	0.00002808905525676711
EX_dca(e)	2.7169687375734792
EX_ddca(e)	9.486433682638786
EX_ttdca(e)	10.427420908415177
EX_hdca(e)	26.657050201612194
EX_ocdca(e)	7.642321761121928
EX_hdcea(e)	3.759882289010708
EX_ocdcea(e)	38.71983781329344
EX_CE2510(e)	0.9545127632173273
EX_arachd(e)	0.6327980494228378
EX_chsterol(e)	0.267422382055251
EX_ca2(e)	6.171101352362891
EX_fe2(e)	0.005636234219715297
EX_fe3(e)	0.005636234219715297
EX_mg2(e)	1.4926188027154912
EX_pi(e)	1.477821780321383
EX_k(e)	23.07736397746192
EX_na1(e)	5.734415965395895
EX_zn2(e)	0.02160399204649741
EX_cu2(e)	0.007920253045038237
EX_mn2(e)	0.008793135977081082
EX_h2o(e)	38926.163512307336
EX_trp_L(e)	0.660892485354403
EX_thr_L(e)	3.194583240988857
EX_ile_L(e)	3.4521170150236817
EX_leu_L(e)	5.911163815086805
EX_lys_L(e)	3.7210960932908943
EX_met_L(e)	1.1446163929943645
EX_phe_L(e)	2.3843746348881383
EX_tyr_L(e)	2.3292736569925796
EX_val_L(e)	4.373754015278331
EX_arg_L(e)	2.3678197854104446
EX_his_L(e)	1.2617067105970439
EX_ala_D[e]	1.760738754472844
EX_ala_L(e)	1.760738754472844
EX_asp_D[e]	2.7407871019806236
EX_asp_L(e)	2.7407871019806236
EX_glu_L(e)	9.436472300752873
EX_gly(e)	3.1015418308541998
EX_pro_D[e]	2.8107491064487693
EX_pro_L(e)	2.8107491064487693
EX_ser_L(e)	3.6116777013795445
EX_ascb_L(e)	0.26508655395674385
EX_thm(e)	0.0006705265331748535
EX_ribflv(e)	0.0007648214932409834
EX_nac(e)	0.007126500902937314
EX_ncam(e)	0.007125152917593992
EX_pnto_R(e)	0.008665245822011027
EX_pydam(e)	0.0005124254584783776
EX_pydx(e)	0.0005186758952393485
EX_pydxn(e)	0.0005124957293451032
EX_5mthf(e)	0.000026982618962809087
EX_thf(e)	0.000027897505555201
EX_chol[e]	1.2563991060834712
EX_adpcbl(e)	2.3378656300040939e-7
EX_retinol(e)	0.0015470047994146309
EX_caro(e)	0.00020296882351604462
EX_avite1(e)	0.0019911164480837405
EX_vitd3(e)	0.0000019201705917022695
EX_phyQ(e)	0.000008919676846262489
EX_but(e)	0
EX_octa(e)	0
EX_doco13ac(e)	0
EX_strdnc(e)	0
EX_tmndnc[e]	0
EX_clpnd(e)	0
EX_crvnc(e)	0
EX_etoh(e)	0
