EX_lnlc(e)	11.750583940952815
EX_fol(e)	0.000026891592556135043
EX_dca(e)	3.5270824440737214
EX_ddca(e)	10.317249829160433
EX_ttdca(e)	12.677951557641304
EX_hdca(e)	31.748950438128226
EX_hdcea(e)	4.177868376635702
EX_ocdcea(e)	42.64405724002625
EX_fe2(e)	0.0026516339869281057
EX_fe3(e)	0.0026516339869281057
EX_mg2(e)	1.6481670438181455
EX_pi(e)	2.553892349704574
EX_na1(e)	8.44635270737263
EX_zn2(e)	0.03266642704190885
EX_h2o(e)	43151.034566212686
EX_trp_L(e)	0.7608899391456099
EX_phe_L(e)	3.7635195058269595
EX_val_L(e)	7.626751335722943
EX_arg_L(e)	2.698106660106878
EX_his_L(e)	1.9217341928631198
EX_glu_L(e)	15.42369113880044
EX_ribflv(e)	0.0012693055843028523
EX_nac(e)	0.005811369639193629
EX_pnto_R(e)	0.010206442374224998
EX_5mthf(e)	0.00002583232467637
EX_thf(e)	0.000026708208797525936
EX_chol[e]	1.3520733257304356
EX_caro(e)	0.00011019169166018165
EX_phyQ(e)	0.000005578198327607881
EX_ocdca(e)	9.302279647214002
EX_chsterol(e)	0.31757943481696144
EX_ca2(e)	10.40097310245022
EX_k(e)	15.54798290462756
EX_cu2(e)	0.0062550372958172
EX_mn2(e)	0.003603976078872117
EX_ascb_L(e)	0.21513943313068687
EX_thm(e)	0.0005527019316793453
EX_ncam(e)	0.005810270412349358
EX_pydam(e)	0.0002540968039984004
EX_pydx(e)	0.0002571962128553938
EX_pydxn(e)	0.0002541316492668266
EX_adpcbl(e)	5.832246231249309e-7
EX_retinol(e)	0.0016876170354782449
EX_avite1(e)	0.0015796479316174058
EX_CE2510(e)	0.9545127632173275
EX_arachd(e)	0.6327980494228378
EX_thr_L(e)	4.6304693114124325
EX_ile_L(e)	5.302538862829138
EX_leu_L(e)	9.329453721004873
EX_lys_L(e)	6.563905825925388
EX_met_L(e)	2.0592495340500356
EX_tyr_L(e)	3.601261117565409
EX_ala_D[e]	2.7312499719394965
EX_ala_L(e)	2.7312499719394965
EX_asp_D[e]	3.845242844716707
EX_asp_L(e)	3.845242844716707
EX_gly(e)	4.2274380350249
EX_pro_D[e]	5.292938013819102
EX_pro_L(e)	5.292938013819102
EX_ser_L(e)	6.073901492588444
EX_vitd3(e)	0.000002308016088906522
EX_but(e)	1.644287072374313
EX_octa(e)	0.437528412364223
EX_doco13ac(e)	0
EX_strdnc(e)	0
EX_tmndnc[e]	0
EX_clpnd(e)	0
EX_crvnc(e)	0
EX_etoh(e)	0
