EX_lnlc(e)	14.559415253858209
EX_fol(e)	0.0001173938638409863
EX_dca(e)	2.7169687375734792
EX_ddca(e)	9.486433682638786
EX_ttdca(e)	10.427420908415177
EX_hdca(e)	28.11801526998494
EX_ocdca(e)	7.7838305594291874
EX_hdcea(e)	3.759882289010708
EX_ocdcea(e)	39.33099333673
EX_CE2510(e)	0.9545127632173273
EX_arachd(e)	0.6327980494228378
EX_chsterol(e)	0.267422382055251
EX_ca2(e)	8.621762563002143
EX_fe2(e)	0.02208120691198855
EX_fe3(e)	0.02208120691198855
EX_mg2(e)	5.65416169512446
EX_pi(e)	3.4160251220836173
EX_k(e)	50.59758352664947
EX_na1(e)	6.253085807392673
EX_zn2(e)	0.04982532884674212
EX_cu2(e)	0.011008164164542217
EX_mn2(e)	0.022599408115086712
EX_h2o(e)	67937.87962218739
EX_trp_L(e)	0.7930319079134213
EX_thr_L(e)	3.6160644127898762
EX_ile_L(e)	4.216826036475521
EX_leu_L(e)	7.060218993404888
EX_lys_L(e)	4.8545104979432105
EX_met_L(e)	1.4053895381918127
EX_phe_L(e)	2.864653902709078
EX_tyr_L(e)	2.7296213611791034
EX_val_L(e)	5.473782782725532
EX_arg_L(e)	2.7474974159417704
EX_his_L(e)	1.6422645541930443
EX_ala_D[e]	2.6157231977300173
EX_ala_L(e)	2.6157231977300173
EX_asp_D[e]	4.08354763665764
EX_asp_L(e)	4.08354763665764
EX_glu_L(e)	11.31479941664905
EX_gly(e)	4.4977260192948645
EX_pro_D[e]	3.1571190952875217
EX_pro_L(e)	3.1571190952875217
EX_ser_L(e)	4.522861742881991
EX_ascb_L(e)	0.6577856874463924
EX_thm(e)	0.001189858023942302
EX_ribflv(e)	0.0010933195240032324
EX_nac(e)	0.018023062370241157
EX_ncam(e)	0.01801965328852663
EX_pnto_R(e)	0.015553623978701078
EX_pydam(e)	0.0011161846955199239
EX_pydx(e)	0.0011297996354833432
EX_pydxn(e)	0.0011163377622044183
EX_5mthf(e)	0.0001127696844068868
EX_thf(e)	0.0001165933114771253
EX_chol[e]	1.6818357927557441
EX_adpcbl(e)	2.3378656300040939e-7
EX_retinol(e)	0.0015470047994146309
EX_caro(e)	0.007667347709680098
EX_avite1(e)	0.0030620880456534052
EX_vitd3(e)	0.0000019201705917022695
EX_phyQ(e)	0.00006145132957780619
EX_starch1200(e)	0
EX_strch1(e)	0
EX_strch2[e]	0
EX_but(e)	0
EX_octa(e)	0
EX_doco13ac(e)	0
EX_strdnc(e)	0
EX_tmndnc[e]	0
EX_clpnd(e)	0
EX_crvnc(e)	0
EX_etoh(e)	0
