EX_lnlc(e)	0.7585381346454976
EX_fol(e)	0.00003166515096295444
EX_ttdca(e)	1.153072399642862
EX_hdca(e)	3.297669958941507
EX_ocdca(e)	0.8854927147313659
EX_hdcea(e)	2.1352224129174275
EX_ocdcea(e)	4.83572769062303
EX_CE2510(e)	1.6760676508998513
EX_arachd(e)	1.176409721382368
EX_tmndnc[e]	2.461074743459047
EX_clpnd(e)	0.30471975094098197
EX_crvnc(e)	2.2143011350606434
EX_chsterol(e)	0.9665656718483087
EX_ca2(e)	2.5052148310793947
EX_fe2(e)	0.020476139314173154
EX_fe3(e)	0.020476139314173154
EX_mg2(e)	7.5735033943633
EX_pi(e)	14.994108104560045
EX_k(e)	79.89298767465593
EX_na1(e)	18.439854477739235
EX_zn2(e)	0.04948363413888039
EX_cu2(e)	0.0030722626129103332
EX_mn2(e)	0.0026398463942428232
EX_h2o(e)	23432.49952262746
EX_trp_L(e)	6.937498408619504
EX_thr_L(e)	46.499254528237266
EX_ile_L(e)	44.35256062799556
EX_leu_L(e)	78.24421050384643
EX_lys_L(e)	78.78407967634881
EX_met_L(e)	25.04676254412367
EX_phe_L(e)	29.850347268675716
EX_tyr_L(e)	23.520212375509484
EX_val_L(e)	55.5198755743886
EX_arg_L(e)	43.138162502019014
EX_his_L(e)	23.97947595495074
EX_ala_D[e]	42.85558269317972
EX_ala_L(e)	42.85558269317972
EX_asp_D[e]	48.94141854290899
EX_asp_L(e)	48.94141854290899
EX_glu_L(e)	129.02732182098023
EX_gly(e)	80.77208771943847
EX_pro_D[e]	19.403972014366307
EX_pro_L(e)	19.403972014366307
EX_ser_L(e)	49.043148613698776
EX_ascb_L(e)	0
EX_thm(e)	0.000735732487772965
EX_ribflv(e)	0.002060085996558118
EX_nac(e)	0.05285558326474286
EX_ncam(e)	0.052845585574077626
EX_pnto_R(e)	0.02210986724832399
EX_pydam(e)	0.0038021603497221243
EX_pydx(e)	0.0038485381446341465
EX_pydxn(e)	0.0038026817545406856
EX_5mthf(e)	0.00003041785118876103
EX_thf(e)	0.00003144921453641557
EX_adpcbl(e)	0.000014654954874764954
EX_retinol(e)	0.00033103672662327597
