EX_lnlc(e)	3.2815295012301515
EX_fol(e)	0.00003960721134359476
EX_but(e)	10.986015623923615
EX_octa(e)	2.9232693335009277
EX_dca(e)	5.412632615249506
EX_ddca(e)	5.5509523365133076
EX_ttdca(e)	15.03652573197926
EX_hdca(e)	34.57471631584696
EX_ocdca(e)	11.146189022938287
EX_hdcea(e)	2.7927007189809956
EX_ocdcea(e)	26.31209855699025
EX_CE2510(e)	0
EX_doco13ac(e)	0
EX_strdnc(e)	0
EX_arachd(e)	0
EX_tmndnc[e]	0
EX_clpnd(e)	0
EX_crvnc(e)	0
EX_chsterol(e)	0.3351155491932699
EX_ca2(e)	30.092100404211784
EX_fe2(e)	0.004461993016384637
EX_fe3(e)	0.004461993016384637
EX_mg2(e)	4.921061509977371
EX_pi(e)	9.865502248922425
EX_k(e)	39.51363614274789
EX_na1(e)	19.94327104443216
EX_zn2(e)	0.08994567145916182
EX_cu2(e)	0.0014116514021338873
EX_mn2(e)	0.0007257047461372169
EX_h2o(e)	48631.87694001981
EX_etoh(e)	0
EX_trp_L(e)	0.9760989339219646
EX_thr_L(e)	11.881731912235809
EX_ile_L(e)	14.361204181656426
EX_leu_L(e)	26.594822558623004
EX_lys_L(e)	21.059062267528557
EX_met_L(e)	6.813521496026105
EX_phe_L(e)	11.403904979202624
EX_tyr_L(e)	9.626769910893902
EX_val_L(e)	24.418922321917123
EX_arg_L(e)	5.916302196977436
EX_his_L(e)	5.524677966363872
EX_ala_D[e]	8.278665487377262
EX_ala_L(e)	8.278665487377262
EX_asp_D[e]	10.37505668281922
EX_asp_L(e)	10.37505668281922
EX_glu_L(e)	46.315826645396676
EX_gly(e)	11.153359816482967
EX_pro_D[e]	17.79076439344917
EX_pro_L(e)	17.79076439344917
EX_ser_L(e)	20.391045611203833
EX_ascb_L(e)	0.028458817630807435
EX_thm(e)	0.001089292591875174
EX_ribflv(e)	0.0037605689599879257
EX_nac(e)	0.0030611417550152945
EX_ncam(e)	0.0030605627367459136
EX_pnto_R(e)	0.017767007748812017
EX_pydam(e)	0.0006283461681668548
EX_pydx(e)	0.0006360105765664444
EX_pydxn(e)	0.0006284323356847056
EX_5mthf(e)	0.00003804707143385323
EX_thf(e)	0.00003933711505721638
EX_chol[e]	1.454356115149351
EX_adpcbl(e)	0.0000023347090983195678
EX_retinol(e)	0.000939475988264684
EX_caro(e)	0.00009282649179712282
EX_avite1(e)	0.0013884920598988498
EX_vitd3(e)	0.0000025913216515177793
EX_phyQ(e)	0.00000442302866435158
